{"loss": [6984.5224609375, 493.86090087890625, 493.8118896484375, 493.67156982421875, 493.4391784667969, 493.1190490722656, 492.4184875488281, 491.4668884277344, 493.8797302246094, 493.87060546875, 493.8703918457031, 493.8703918457031, 493.8705139160156, 493.87054443359375, 493.8703918457031, 493.8703918457031, 493.8705139160156, 493.8705139160156, 493.8703918457031, 493.8704528808594, 493.8704528808594, 493.8702697753906, 493.87054443359375, 493.8703308105469, 493.8703918457031, 493.8703308105469, 493.8704528808594, 493.87060546875, 493.8705139160156, 493.87017822265625, 493.8702697753906, 493.8705139160156, 493.8703918457031, 493.8703308105469, 493.8705139160156, 493.8702697753906, 493.8704528808594, 493.87017822265625, 493.8703308105469, 493.8703308105469, 493.8703918457031, 493.8702087402344, 493.8703308105469, 493.8705139160156, 493.8703308105469, 493.8704528808594, 493.8704528808594, 493.8703308105469, 493.8703918457031, 493.8702697753906], "val_loss": [1051.92431640625, 1051.9488525390625, 1051.9757080078125, 1051.94384765625, 1051.84619140625, 1051.8670654296875, 1051.89990234375, 1051.9649658203125, 1051.9306640625, 1051.9306640625, 1051.9306640625, 1051.9306640625, 1051.9306640625, 1051.9306640625, 1051.9306640625, 1051.9306640625, 1051.9306640625, 1051.9306640625, 1051.9306640625, 1051.9306640625, 1051.9306640625, 1051.9306640625, 1051.9306640625, 1051.9306640625, 1051.9306640625, 1051.9306640625, 1051.9306640625, 1051.9306640625, 1051.9306640625, 1051.9306640625, 1051.9306640625, 1051.9306640625, 1051.9306640625, 1051.9306640625, 1051.9306640625, 1051.9306640625, 1051.9306640625, 1051.9306640625, 1051.9306640625, 1051.9306640625, 1051.9306640625, 1051.9306640625, 1051.9306640625, 1051.9306640625, 1051.9306640625, 1051.9306640625, 1051.9306640625, 1051.9306640625, 1051.9306640625, 1051.9306640625]}